<!DOCTYPE xwork PUBLIC "-//OpenSymphony Group//XWork 1.1.1//EN" "http://www.opensymphony.com/xwork/xwork-1.1.1.dtd">

<xwork>
    <include file="webwork-default.xml"/>

    <package name="default" extends="webwork-default">
    <result-types>
      <result-type class="org.seasar.mayaa.webwork.MayaaResult"
        name="mayaa" />
    </result-types>
             
    <interceptors>
    	<interceptor name="Authenticate" class="org.seasar.gusuku.interceptor.AuthenticateInterceptor"/>
    	<interceptor-stack name="gusukuStack">
                <interceptor-ref name="exception"/>
<!--
                <interceptor-ref name="alias"/>
-->
                <interceptor-ref name="model-driven"/>
                <interceptor-ref name="params"/>
                <interceptor-ref name="servlet-config"/>
                <interceptor-ref name="prepare">
                	<param name="alwaysInvokePrepare">false</param>
                </interceptor-ref>
                <!--
                <interceptor-ref name="i18n"/>
                -->
                <interceptor-ref name="chain"/>
                <!--
                <interceptor-ref name="model-driven"/>
                -->
                <interceptor-ref name="fileUpload"/>
<!--
                <interceptor-ref name="static-params"/>
-->

				<interceptor-ref name="params"/>
				<!--
                <interceptor-ref name="conversionError"/>
                -->
                <interceptor-ref name="validation">
                    <param name="excludeMethods">input,back,cancel,browse</param>
                </interceptor-ref>
                <interceptor-ref name="workflow">
                    <param name="excludeMethods">input,back,cancel,browse</param>
                </interceptor-ref>
            </interceptor-stack>
    	<interceptor-stack name="normalStack">
    		<interceptor-ref name="Authenticate"/>
    		<interceptor-ref name="gusukuStack"/>
    	</interceptor-stack>
    </interceptors>

    <default-interceptor-ref name="normalStack" />
    <default-action-ref name="home" />
    
    <global-results>
    	<result name="login" type="redirect">/index.html</result>
    	<result name="EntityNotFoundException" type="mayaa">/exception/EntityNotFoundException.html</result>
    	<result name="EntryProjectException" type="mayaa">/exception/EntryProjectException.html</result>
    </global-results>
    <global-exception-mappings>
		<exception-mapping exception="org.seasar.gusuku.exception.EntityNotFoundException" result="EntityNotFoundException"/>
		<exception-mapping exception="org.seasar.gusuku.exception.EntryProjectException" result="EntryProjectException"/>
    </global-exception-mappings>

    <!-- Add your actions here -->
    </package>
</xwork>
