<validators>
    <validator name="required" class="com.opensymphony.xwork.validator.validators.RequiredFieldValidator"/>
    <validator name="requiredstring" class="com.opensymphony.xwork.validator.validators.RequiredStringValidator"/>
    <validator name="int" class="com.opensymphony.xwork.validator.validators.IntRangeFieldValidator"/>
    <validator name="double" class="com.opensymphony.xwork.validator.validators.DoubleRangeFieldValidator"/>
    <validator name="date" class="com.opensymphony.xwork.validator.validators.DateRangeFieldValidator"/>
    <validator name="expression" class="com.opensymphony.xwork.validator.validators.ExpressionValidator"/>
    <validator name="fieldexpression" class="com.opensymphony.xwork.validator.validators.FieldExpressionValidator"/>
    <validator name="email" class="com.opensymphony.xwork.validator.validators.EmailValidator"/>
    <validator name="url" class="com.opensymphony.xwork.validator.validators.URLValidator"/>
    <validator name="visitor" class="com.opensymphony.xwork.validator.validators.VisitorFieldValidator"/>
    <validator name="conversion" class="com.opensymphony.xwork.validator.validators.ConversionErrorFieldValidator"/>
    <validator name="stringlength" class="com.opensymphony.xwork.validator.validators.StringLengthFieldValidator"/>
    <validator name="regex" class="com.opensymphony.xwork.validator.validators.RegexFieldValidator"/>
    <!--validator name="file" class="rg.seasar.gusuku.validators.FileUploadSizeValidator"/-->
</validators>
