<!DOCTYPE xwork PUBLIC "-//OpenSymphony Group//XWork 1.1.1//EN" "http://www.opensymphony.com/xwork/xwork-1.1.1.dtd">

<xwork>
    <include file="webwork-default.xml"/>

    <package name="default" extends="webwork-default">
    <result-types>
      <result-type class="org.seasar.mayaa.webwork.MayaaResult"
        name="mayaa" />
    </result-types>
    <interceptors>
    	<interceptor name="Authenticate" class="org.seasar.gusuku.interceptor.AuthenticateInterceptor"/>
    	<interceptor-stack name="normalStack">
    		<interceptor-ref name="Authenticate"/>
    		<interceptor-ref name="defaultStack"/>
    	</interceptor-stack>
    </interceptors>

    <default-interceptor-ref name="normalStack" />
    <default-action-ref name="home" />
    
    <global-results>
    	<result name="login" type="redirect">/index.html</result>
    	<result name="EntityNotFoundException" type="mayaa">/exception/EntityNotFoundException.html</result>
    	<result name="EntryProjectException" type="mayaa">/exception/EntryProjectException.html</result>
    </global-results>
    <global-exception-mappings>
		<exception-mapping exception="org.seasar.gusuku.exception.EntityNotFoundException" result="EntityNotFoundException"/>
		<exception-mapping exception="org.seasar.gusuku.exception.EntryProjectException" result="EntryProjectException"/>
    </global-exception-mappings>

    <!-- Add your actions here -->
    </package>
</xwork>
